email,bedrijf,bron,datum
info@saentech.nl,Saentech,Gmail info@ (Samenwerking warmtepomp leads),2026-06-11
info@warmtepompzaandam.com,Warmtepomp Zaandam (bounce - adres bestaat niet),Gmail info@ (Samenwerking warmtepomp leads),2026-06-11
info@climapartners.nl,Clima Partners,Gmail info@ (Samenwerking warmtepomp leads),2026-06-11
info@klimaatservice-nh.nl,Klimaatservice NH,Gmail info@ (Samenwerking warmtepomp leads),2026-06-11
verkoop@warmtemeesters.nl,WarmteMeesters,Gmail info@ (Samenwerking warmtepomp leads),2026-06-12
info@dewarmtemeester.nl,De Warmtemeester,Gmail info@ (Samenwerking warmtepomp leads),2026-06-12
info@hollandwarmte.nl,Holland Warmte,Gmail info@ (Samenwerking warmtepomp leads),2026-06-12
info@warmgarant.nl,Warmgarant,Gmail info@ (Samenwerking warmtepomp leads),2026-06-12
info@heijkoopinstallatietechniek.nl,Heijkoop Installatietechniek,Gmail info@ (Samenwerking warmtepomp leads),2026-06-12
info@de-eilanden.nl,De Eilanden Installatietechniek,Gmail info@ (Samenwerking warmtepomp leads),2026-06-12
info@warmtepomprotterdam.com,Warmtepomp Rotterdam,Gmail info@ (Samenwerking warmtepomp leads),2026-06-12
info@mschroevers.nl,M. Schroevers Installatiebedrijf,Gmail info@ (Samenwerking warmtepomp leads),2026-06-12
info@lemij.nl,Lemij Klimaattechniek,Gmail info@ (Samenwerking warmtepomp leads),2026-06-12
info@vosklimaattechniek.nl,Vos Klimaattechniek,Gmail info@ (Samenwerking warmtepomp leads),2026-06-12
info@haarlemwarmtepomp.nl,Haarlem Warmtepomp,Gmail info@ (Samenwerking warmtepomp leads),2026-06-12
installatie@grijzeboom.nl,Grijzeboom,Gmail info@ (Samenwerking warmtepomp leads),2026-06-12
info@warmtepompamsterdam.com,Warmtepomp Amsterdam (bounce - adres bestaat niet),Gmail info@ (Samenwerking warmtepomp leads),2026-06-12
info@martinvangrieken.nl,Martin van Grieken,Gmail info@ (Samenwerking warmtepomp leads),2026-06-12
sales@mbklimaattechniek.nl,MB Klimaattechniek,Gmail info@ (Samenwerking warmtepomp leads),2026-06-12
info@warmtepompspecialist-utrecht.nl,Warmtepomp Specialist Utrecht,Gmail partners@ (Samenwerking warmtepomp leads),2026-06-12
info@caaninstallatie.nl,Caan Installatie & Afbouw,Gmail partners@ (Samenwerking warmtepomp leads),2026-06-12
info@warmtewerk.nl,Warmtewerk,Gmail partners@ (Samenwerking warmtepomp leads),2026-06-12
info@jos-tech.nl,Jos-Tech,Gmail partners@ (Samenwerking warmtepomp leads),2026-06-12
info@heuvelrugtechniek.nl,Heuvelrug Techniek,Gmail partners@ (Samenwerking warmtepomp leads),2026-06-12
info@warmland.nl,Warmland,Gmail partners@ (Samenwerking warmtepomp leads),2026-06-15
info@morsman.nl,Morsman Installatietechniek,Gmail partners@ (Samenwerking warmtepomp leads),2026-06-15
j.mandjes@eks.nl,EKS Installatie Management,Gmail partners@ (Samenwerking warmtepomp leads),2026-06-15
info@klimatcool.nl,Klimatcool,Gmail partners@ (Samenwerking warmtepomp leads),2026-06-15
info@goodon-e.nl,Good On-e,Gmail partners@ (Samenwerking warmtepomp leads),2026-06-15
,Ventasol / Ali Demir (Zaandam),handmatig,
info@gunstwarmtetechniek.nl,GUNST Warmtetechniek,"gepland (send-outreach.js), niet verzonden",
info@installatiebedrijfpepijn.nl,Installatiebedrijf Pepijn,"gepland (send-outreach.js), niet verzonden",
cv@leenards.nl,Leenards Warmte- en Luchttechniek,"gepland (send-outreach.js), niet verzonden",
info@ajloots.nl,A.J. Loots,"gepland (send-outreach.js), niet verzonden",
info@eindhovenwarmtepomp.com,Eindhoven Warmtepomp,"gepland (send-outreach.js), niet verzonden",
info@van-berkum.nl,Van Berkum,"gepland (send-outreach.js), niet verzonden",
info@elektroserviceeindhoven.nl,Elektro Service Eindhoven,"gepland (send-outreach.js), niet verzonden",
verkoop@kemkens.nl,Kemkens,"gepland (send-outreach.js), niet verzonden",
info@blauwklimaat.nl,Blauw Klimaat,"gepland (send-outreach.js), niet verzonden",
verkoop@hartman-installatie.nl,Hartman Installatie,"gepland (send-outreach.js), niet verzonden",
info@jansenvandegrift.com,Jansen van de Grift Klimaattechniek,"gepland (send-outreach.js), niet verzonden",
almere@warmteservice.nl,Warmteservice Almere,"gepland (send-outreach.js), niet verzonden",
info@installatiebedrijf-hqprojects.nl,HQ Projects,"gepland (send-outreach.js), niet verzonden",
info@kapiteinbv.nl,Kapitein BV,"gepland (send-outreach.js), niet verzonden",
info@hvh.nu,HvH Installatietechniek,"gepland (send-outreach.js), niet verzonden",
info@vinkesteyn.nl,Vinkesteyn Verwarmingstechniek,"gepland (send-outreach.js), niet verzonden",
info@slimvanhetgasaf.nl,Slim van het Gas Af,"gepland (send-outreach.js), niet verzonden",
info@pbrandtinstallatiebedrijf.nl,P. Brandt Installatiebedrijf,"gepland (send-outreach.js), niet verzonden",
info@aquameijers.nl,Aqua Meijers,"gepland (send-outreach.js), niet verzonden",
infoleiden@vandorp.eu,Van Dorp Leiden,"gepland (send-outreach.js), niet verzonden",
info@deba-installatietechniek.nl,Deba Installatietechniek,"gepland (send-outreach.js), niet verzonden",
info@schoutenhazerswoude.nl,Schouten Hazerswoude,"gepland (send-outreach.js), niet verzonden",
info@installatiebedrijfdekker.nl,Installatiebedrijf Dekker,"gepland (send-outreach.js), niet verzonden",
info@ds-service.nl,DS Service,"gepland (send-outreach.js), niet verzonden",
groningen@feenstra.com,Feenstra Groningen,"gepland (send-outreach.js), niet verzonden",
info@zpnduurzaam.nl,ZPN Duurzaam,"gepland (send-outreach.js), niet verzonden",
airco@aircoservicegroningen.nl,Airco Warmtepompen Service Groningen,"gepland (send-outreach.js), niet verzonden",
info@halmtech.nl,Halmtech Installatietechniek,"gepland (send-outreach.js), niet verzonden",
vddtechniek@hotmail.com,Van der Doorn Installatietechniek,"gepland (send-outreach.js), niet verzonden",
info@dionketelaars.nl,Dion Ketelaars Installatietechniek,"gepland (send-outreach.js), niet verzonden",
info@degrootservice.nl,De Groot Service,"gepland (send-outreach.js), niet verzonden",
info@vanervetilburg.nl,P. van Erve Installatiebedrijf,"gepland (send-outreach.js), niet verzonden",
info@tegro.nl,Tegro,"gepland (send-outreach.js), niet verzonden",
info@eltechno.nl,Eltechno Klimaat,"gepland (send-outreach.js), niet verzonden",
info@dawood.nl,Dawood Koeltechniek,"gepland (send-outreach.js), niet verzonden",
info@installatiebedrijfvdgoorbergh.nl,Installatiebedrijf v.d. Goorbergh,"gepland (send-outreach.js), niet verzonden",
info@bsibreda.nl,BSI Breda,"gepland (send-outreach.js), niet verzonden",
info@voltalux.nl,Voltalux,"gepland (send-outreach.js), niet verzonden",
info@brokerinstallatie.nl,Bröker Installatietechniek,"gepland (send-outreach.js), niet verzonden",
info@klimaland.nl,Klimaland,"gepland (send-outreach.js), niet verzonden",
info@warmtepompnijmegen.com,Warmtepomp Nijmegen,"gepland (send-outreach.js), niet verzonden",
info@eekinstallatietechniek.nl,Eek Installatietechniek,"gepland (send-outreach.js), niet verzonden",
info@michorius.com,Michorius,"gepland (send-outreach.js), niet verzonden",
info@sardoinstallatie.nl,Sardo Bouw & Installatie,"gepland (send-outreach.js), niet verzonden",
info@warmtepompenschede.com,Warmtepomp Enschede,"gepland (send-outreach.js), niet verzonden",
info@nijmeijerkoelt.nl,Nijmeijer Koelt,"gepland (send-outreach.js), niet verzonden",
info@eenduurzaamthuis.nl,Een Duurzaam Thuis,"gepland (send-outreach.js), niet verzonden",
info@doldersumwarmtepompen.nl,Doldersum Warmtepompen,"gepland (send-outreach.js), niet verzonden",
info@bartelsinstallatie.nl,Bartels Installatie,"gepland (send-outreach.js), niet verzonden",
info@climaenergy.nl,Clima Energy,"gepland (send-outreach.js), niet verzonden",
info@warmtepompamersfoort.com,Warmtepomp Amersfoort,"gepland (send-outreach.js), niet verzonden",
info@warmtepompapeldoorn.com,Warmtepomp Apeldoorn,"gepland (send-outreach.js), niet verzonden",
info@tptechnology.nl,T&P Technology,"gepland (send-outreach.js), niet verzonden",
info@wkz.nl,WKZ Totaalinstallateur,"gepland (send-outreach.js), niet verzonden",
info@icdtechniek.nl,ICD Techniek,"gepland (send-outreach.js), niet verzonden",
info@vandijk-installaties.nl,Van Dijk Installaties,"gepland (send-outreach.js), niet verzonden",
info@nestorservice.nl,Nestor Service,"gepland (send-outreach.js), niet verzonden",
dave@bloklandinstallatie.nl,Blokland Installatietechniek,"gepland (send-outreach.js), niet verzonden",
info@brendersinstallatietechniek.nl,Brenders Installatietechniek,"gepland (send-outreach.js), niet verzonden",
info@verbaaninstallatie.nl,Verbaan Installatiebedrijf,"gepland (send-outreach.js), niet verzonden",
info@cvtechniek.nl,CV-techniek (Polet Warmtepomptechniek),"gepland (send-outreach.js), niet verzonden",
info@comfort-partners.nl,Comfort Partners,"gepland (send-outreach.js), niet verzonden",
info@besemsinstallaties.nl,Besems Installaties,"gepland (send-outreach.js), niet verzonden",
info@aa-installaties.nl,AA Installaties,"gepland (send-outreach.js), niet verzonden",
info@gasservice-brabant.nl,Gasservice Brabant,"gepland (send-outreach.js), niet verzonden",
info@warmtepompspecialist-noordbrabant.nl,Warmtepomp Specialist Noord-Brabant,"gepland (send-outreach.js), niet verzonden",
info@warmtecentrumbrabant.nl,Warmtecentrum Brabant,"gepland (send-outreach.js), niet verzonden",
info@joostbeers.nl,Joost Beers Installatietechniek,"gepland (send-outreach.js), niet verzonden",
info@vanlangen.nl,Van Langen Installatietechniek,"gepland (send-outreach.js), niet verzonden",
info@coppensalkmaar.nl,Coppens Alkmaar,"gepland (send-outreach.js), niet verzonden",
info@kuschalkmaar.nl,Kusch Alkmaar,"gepland (send-outreach.js), niet verzonden",
info@boasinstallatietechniek.nl,BOAS Installatietechniek,"gepland (send-outreach.js), niet verzonden",
info@hanvosinstallaties.nl,HanVos Installaties,"gepland (send-outreach.js), niet verzonden",
info@aktiebv.nl,Aktie Totaalinstallateurs,"gepland (send-outreach.js), niet verzonden",
info@warmtepompspecialist-zuidholland.nl,Warmtepomp Specialist Zuid-Holland,"gepland (send-outreach.js), niet verzonden",
info@eki-techniek.nl,EKI Techniek,"gepland (send-outreach.js), niet verzonden",
info@totaalgebouwbeheer.nl,Totaal Verduurzamen,"gepland (send-outreach.js), niet verzonden",
info@gisa.nl,Gisa Installatietechniek,"gepland (send-outreach.js), niet verzonden",
